Class,TP,TN,FP,FN,Precision,Recall,F1
Class 1,86,708,3,3,0.96629,0.96629,0.96629
Class 2,81,715,3,1,0.96429,0.98780,0.97590
Class 3,106,692,2,0,0.98148,1.00000,0.99065
Class 4,112,681,0,7,1.00000,0.94118,0.96970
Class 5,94,706,0,0,1.00000,1.00000,1.00000
Class 6,104,678,16,2,0.86667,0.98113,0.92035
Class 7,102,693,5,0,0.95327,1.00000,0.97608
Class 8,84,696,2,18,0.97674,0.82353,0.89362
