Class,TP,TN,FP,FN,Precision,Recall,F1
Class 1,86,709,2,3,0.97727,0.96629,0.97175
Class 2,80,716,2,2,0.97561,0.97561,0.97561
Class 3,106,693,1,0,0.99065,1.00000,0.99531
Class 4,116,681,0,3,1.00000,0.97479,0.98723
Class 5,94,706,0,0,1.00000,1.00000,1.00000
Class 6,100,691,3,6,0.97087,0.94340,0.95694
Class 7,102,698,0,0,1.00000,1.00000,1.00000
Class 8,98,688,10,4,0.90741,0.96078,0.93333
