Epoch,class1_TP,class1_TN,class1_FP,class1_FN,class1_Precision,class1_Recall,class1_F1,class2_TP,class2_TN,class2_FP,class2_FN,class2_Precision,class2_Recall,class2_F1,class3_TP,class3_TN,class3_FP,class3_FN,class3_Precision,class3_Recall,class3_F1,class4_TP,class4_TN,class4_FP,class4_FN,class4_Precision,class4_Recall,class4_F1,class5_TP,class5_TN,class5_FP,class5_FN,class5_Precision,class5_Recall,class5_F1,class6_TP,class6_TN,class6_FP,class6_FN,class6_Precision,class6_Recall,class6_F1,class7_TP,class7_TN,class7_FP,class7_FN,class7_Precision,class7_Recall,class7_F1,class8_TP,class8_TN,class8_FP,class8_FN,class8_Precision,class8_Recall,class8_F1,accuracy,precision_macro,recall_macro,f1_macro,matthews,Time
100,86,708,3,3,0.9662921348314607,0.9662921348314607,0.9662921348314607,81,715,3,1,0.9642857142857143,0.9878048780487805,0.9759036144578312,106,692,2,0,0.9814814814814815,1.0,0.9906542056074767,112,681,0,7,1.0,0.9411764705882353,0.9696969696969697,94,706,0,0,1.0,1.0,1.0,104,678,16,2,0.8666666666666667,0.9811320754716981,0.9203539823008849,102,693,5,0,0.9532710280373832,1.0,0.9760765550239235,84,696,2,18,0.9767441860465116,0.8235294117647058,0.8936170212765957,0.96125,0.9635926514186521,0.9624918713381101,0.9615743103993928,0.9561053653105792,63.41435360908508
