Epoch,class1_TP,class1_TN,class1_FP,class1_FN,class1_Precision,class1_Recall,class1_F1,class2_TP,class2_TN,class2_FP,class2_FN,class2_Precision,class2_Recall,class2_F1,class3_TP,class3_TN,class3_FP,class3_FN,class3_Precision,class3_Recall,class3_F1,class4_TP,class4_TN,class4_FP,class4_FN,class4_Precision,class4_Recall,class4_F1,class5_TP,class5_TN,class5_FP,class5_FN,class5_Precision,class5_Recall,class5_F1,class6_TP,class6_TN,class6_FP,class6_FN,class6_Precision,class6_Recall,class6_F1,class7_TP,class7_TN,class7_FP,class7_FN,class7_Precision,class7_Recall,class7_F1,class8_TP,class8_TN,class8_FP,class8_FN,class8_Precision,class8_Recall,class8_F1,accuracy,precision_macro,recall_macro,f1_macro,matthews,Time
100,86,709,2,3,0.9772727272727273,0.9662921348314607,0.9717514124293786,80,716,2,2,0.975609756097561,0.975609756097561,0.975609756097561,106,693,1,0,0.9906542056074766,1.0,0.9953051643192489,116,681,0,3,1.0,0.9747899159663865,0.9872340425531915,94,706,0,0,1.0,1.0,1.0,100,691,3,6,0.970873786407767,0.9433962264150944,0.9569377990430622,102,698,0,0,1.0,1.0,1.0,98,688,10,4,0.9074074074074074,0.9607843137254902,0.9333333333333333,0.9775,0.9777272353491173,0.9776090433794992,0.9775214384719719,0.9742942183136798,58.804569244384766
