network,col0,col1,col10,col11,col12,col13,col14,col15,col16,col17,col18,col19,col2,col20,col21,col22,col23,col24,col25,col26,col27,col28,col29,col3,col30,col31,col32,col33,col34,col35,col36,col37,col38,col39,col4,col40,col41,col42,col43,col44,col45,col46,col47,col48,col49,col5,col50,col51,col52,col53,col54,col55,col56,col57,col58,col59,col6,col60,col61,col62,col7,col8,col9,f1_macro
networkB,100,0,0,82,0.0,0.0,0.0,105,686,8,1,0.9292035398230089,711,0.9905660377358491,0.9589041095890412,91,586,95,28,0.489247311827957,0.7647058823529411,0.5967213114754097,0,0,706,0,94,0.0,0.0,0.0,66,569,125,40,89,0.34554973821989526,0.6226415094339622,0.4444444444444445,37,683,15,65,0.7115384615384616,0.3627450980392157,0.48051948051948057,0.0,40,480,218,62,0.15503875968992248,0.39215686274509803,0.2222222222222222,0.42375,0.32882222638740566,0.39160192378838327,0.0,0.3378514460313248,0.3550117476020532,42.902562379837036,0.0,0,718,15.0
