Class,TP,TN,FP,FN,Precision,Recall,F1
Class 1,87,709,2,2,0.97753,0.97753,0.97753
Class 2,81,712,6,1,0.93103,0.98780,0.95858
Class 3,106,694,0,0,1.00000,1.00000,1.00000
Class 4,115,680,1,4,0.99138,0.96639,0.97872
Class 5,93,706,0,1,1.00000,0.98936,0.99465
Class 6,105,675,19,1,0.84677,0.99057,0.91304
Class 7,102,697,1,0,0.99029,1.00000,0.99512
Class 8,81,697,1,21,0.98780,0.79412,0.88043
