Class,TP,TN,FP,FN,Precision,Recall,F1
Class 1,88,708,3,1,0.96703,0.98876,0.97778
Class 2,82,714,4,0,0.95349,1.00000,0.97619
Class 3,106,694,0,0,1.00000,1.00000,1.00000
Class 4,116,681,0,3,1.00000,0.97479,0.98723
Class 5,93,706,0,1,1.00000,0.98936,0.99465
Class 6,105,678,16,1,0.86777,0.99057,0.92511
Class 7,102,698,0,0,1.00000,1.00000,1.00000
Class 8,85,698,0,17,1.00000,0.83333,0.90909
