Epoch,class1_TP,class1_TN,class1_FP,class1_FN,class1_Precision,class1_Recall,class1_F1,class2_TP,class2_TN,class2_FP,class2_FN,class2_Precision,class2_Recall,class2_F1,class3_TP,class3_TN,class3_FP,class3_FN,class3_Precision,class3_Recall,class3_F1,class4_TP,class4_TN,class4_FP,class4_FN,class4_Precision,class4_Recall,class4_F1,class5_TP,class5_TN,class5_FP,class5_FN,class5_Precision,class5_Recall,class5_F1,class6_TP,class6_TN,class6_FP,class6_FN,class6_Precision,class6_Recall,class6_F1,class7_TP,class7_TN,class7_FP,class7_FN,class7_Precision,class7_Recall,class7_F1,class8_TP,class8_TN,class8_FP,class8_FN,class8_Precision,class8_Recall,class8_F1,accuracy,precision_macro,recall_macro,f1_macro,matthews,Time
100,87,708,3,2,0.9666666666666667,0.9775280898876404,0.9720670391061451,80,717,1,2,0.9876543209876543,0.975609756097561,0.9815950920245398,106,692,2,0,0.9814814814814815,1.0,0.9906542056074767,117,680,1,2,0.9915254237288136,0.9831932773109243,0.9873417721518987,93,706,0,1,1.0,0.9893617021276596,0.9946524064171123,106,682,12,0,0.8983050847457628,1.0,0.9464285714285715,102,698,0,0,1.0,1.0,1.0,90,698,0,12,1.0,0.8823529411764706,0.9375,0.97625,0.9782041222012974,0.976005720825032,0.976279885841968,0.9730674344975114,39.960771560668945
