Epoch,class1_TP,class1_TN,class1_FP,class1_FN,class1_Precision,class1_Recall,class1_F1,class2_TP,class2_TN,class2_FP,class2_FN,class2_Precision,class2_Recall,class2_F1,class3_TP,class3_TN,class3_FP,class3_FN,class3_Precision,class3_Recall,class3_F1,class4_TP,class4_TN,class4_FP,class4_FN,class4_Precision,class4_Recall,class4_F1,class5_TP,class5_TN,class5_FP,class5_FN,class5_Precision,class5_Recall,class5_F1,class6_TP,class6_TN,class6_FP,class6_FN,class6_Precision,class6_Recall,class6_F1,class7_TP,class7_TN,class7_FP,class7_FN,class7_Precision,class7_Recall,class7_F1,class8_TP,class8_TN,class8_FP,class8_FN,class8_Precision,class8_Recall,class8_F1,accuracy,precision_macro,recall_macro,f1_macro,matthews,Time
100,87,709,2,2,0.9775280898876404,0.9775280898876404,0.9775280898876404,81,712,6,1,0.9310344827586207,0.9878048780487805,0.9585798816568047,106,694,0,0,1.0,1.0,1.0,115,680,1,4,0.9913793103448276,0.9663865546218487,0.9787234042553192,93,706,0,1,1.0,0.9893617021276596,0.9946524064171123,105,675,19,1,0.8467741935483871,0.9905660377358491,0.9130434782608696,102,697,1,0,0.9902912621359223,1.0,0.9951219512195122,81,697,1,21,0.9878048780487805,0.7941176470588235,0.8804347826086957,0.9625,0.9656015270905223,0.9632206136850752,0.9622604992882442,0.9577286532128706,48.721585750579834
