iteration,class1_TP,class1_TN,class1_FP,class1_FN,class1_Precision,class1_Recall,class1_F1,class2_TP,class2_TN,class2_FP,class2_FN,class2_Precision,class2_Recall,class2_F1,class3_TP,class3_TN,class3_FP,class3_FN,class3_Precision,class3_Recall,class3_F1,class4_TP,class4_TN,class4_FP,class4_FN,class4_Precision,class4_Recall,class4_F1,class5_TP,class5_TN,class5_FP,class5_FN,class5_Precision,class5_Recall,class5_F1,class6_TP,class6_TN,class6_FP,class6_FN,class6_Precision,class6_Recall,class6_F1,class7_TP,class7_TN,class7_FP,class7_FN,class7_Precision,class7_Recall,class7_F1,class8_TP,class8_TN,class8_FP,class8_FN,class8_Precision,class8_Recall,class8_F1,accuracy,precision_macro,recall_macro,f1_macro,matthews,Time
152501,87,709,2,2,0.9775280898876404,0.9775280898876404,0.9775280898876404,82,713,5,0,0.9425287356321839,1.0,0.9704142011834319,106,694,0,0,1.0,1.0,1.0,117,681,0,2,1.0,0.9831932773109243,0.9915254237288135,94,706,0,0,1.0,1.0,1.0,106,682,12,0,0.8983050847457628,1.0,0.9464285714285715,99,698,0,3,1.0,0.9705882352941176,0.9850746268656716,89,697,1,13,0.9888888888888889,0.8725490196078431,0.9270833333333334,0.975,0.9759063498943095,0.9754823277625657,0.9747567808034328,0.9716691117779144,40.8344988822937
100,87,708,3,2,0.9666666666666667,0.9775280898876404,0.9720670391061451,82,717,1,0,0.9879518072289156,1.0,0.993939393939394,106,694,0,0,1.0,1.0,1.0,116,681,0,3,1.0,0.9747899159663865,0.9872340425531915,94,706,0,0,1.0,1.0,1.0,104,688,6,2,0.9454545454545454,0.9811320754716981,0.9629629629629629,102,698,0,0,1.0,1.0,1.0,95,694,4,7,0.9595959595959596,0.9313725490196079,0.945273631840796,0.9825,0.9824586223682609,0.9831028287931667,0.9826846338003112,0.9800010054780189,41.56052565574646
