iteration,error
152501,0.4999973303315879
152501,0.49999788962976516
