Class,TP,TN,FP,FN,Precision,Recall,F1
Class 1,77,706,5,12,0.93902,0.86517,0.90058
Class 2,78,714,4,4,0.95122,0.95122,0.95122
Class 3,106,682,12,0,0.89831,1.00000,0.94643
Class 4,114,675,6,5,0.95000,0.95798,0.95397
Class 5,94,706,0,0,1.00000,1.00000,1.00000
Class 6,94,666,28,12,0.77049,0.88679,0.82456
Class 7,92,694,4,10,0.95833,0.90196,0.92929
Class 8,76,688,10,26,0.88372,0.74510,0.80851
