Class,TP,TN,FP,FN,Precision,Recall,F1
Class 1,79,708,3,10,0.96341,0.88764,0.92398
Class 2,73,715,3,9,0.96053,0.89024,0.92405
Class 3,106,693,1,0,0.99065,1.00000,0.99531
Class 4,111,680,1,8,0.99107,0.93277,0.96104
Class 5,94,705,1,0,0.98947,1.00000,0.99471
Class 6,93,684,10,13,0.90291,0.87736,0.88995
Class 7,81,698,0,21,1.00000,0.79412,0.88525
Class 8,95,649,49,7,0.65972,0.93137,0.77236
