Epoch,class1_TP,class1_TN,class1_FP,class1_FN,class1_Precision,class1_Recall,class1_F1,class2_TP,class2_TN,class2_FP,class2_FN,class2_Precision,class2_Recall,class2_F1,class3_TP,class3_TN,class3_FP,class3_FN,class3_Precision,class3_Recall,class3_F1,class4_TP,class4_TN,class4_FP,class4_FN,class4_Precision,class4_Recall,class4_F1,class5_TP,class5_TN,class5_FP,class5_FN,class5_Precision,class5_Recall,class5_F1,class6_TP,class6_TN,class6_FP,class6_FN,class6_Precision,class6_Recall,class6_F1,class7_TP,class7_TN,class7_FP,class7_FN,class7_Precision,class7_Recall,class7_F1,class8_TP,class8_TN,class8_FP,class8_FN,class8_Precision,class8_Recall,class8_F1,accuracy,precision_macro,recall_macro,f1_macro,matthews,Time
100,77,706,5,12,0.9390243902439024,0.8651685393258427,0.9005847953216373,78,714,4,4,0.9512195121951219,0.9512195121951219,0.9512195121951219,106,682,12,0,0.8983050847457628,1.0,0.9464285714285715,114,675,6,5,0.95,0.957983193277311,0.9539748953974896,94,706,0,0,1.0,1.0,1.0,94,666,28,12,0.7704918032786885,0.8867924528301887,0.8245614035087719,92,694,4,10,0.9583333333333334,0.9019607843137255,0.9292929292929293,76,688,10,26,0.8837209302325582,0.7450980392156863,0.8085106382978724,0.91375,0.9188868817536708,0.9135278151447346,0.9143215931802993,0.9018263307897598,71.15321850776672
