Epoch,class1_TP,class1_TN,class1_FP,class1_FN,class1_Precision,class1_Recall,class1_F1,class2_TP,class2_TN,class2_FP,class2_FN,class2_Precision,class2_Recall,class2_F1,class3_TP,class3_TN,class3_FP,class3_FN,class3_Precision,class3_Recall,class3_F1,class4_TP,class4_TN,class4_FP,class4_FN,class4_Precision,class4_Recall,class4_F1,class5_TP,class5_TN,class5_FP,class5_FN,class5_Precision,class5_Recall,class5_F1,class6_TP,class6_TN,class6_FP,class6_FN,class6_Precision,class6_Recall,class6_F1,class7_TP,class7_TN,class7_FP,class7_FN,class7_Precision,class7_Recall,class7_F1,class8_TP,class8_TN,class8_FP,class8_FN,class8_Precision,class8_Recall,class8_F1,accuracy,precision_macro,recall_macro,f1_macro,matthews,Time
100,79,708,3,10,0.9634146341463414,0.8876404494382022,0.9239766081871345,73,715,3,9,0.9605263157894737,0.8902439024390244,0.9240506329113923,106,693,1,0,0.9906542056074766,1.0,0.9953051643192489,111,680,1,8,0.9910714285714286,0.9327731092436975,0.961038961038961,94,705,1,0,0.9894736842105263,1.0,0.9947089947089947,93,684,10,13,0.9029126213592233,0.8773584905660378,0.8899521531100479,81,698,0,21,1.0,0.7941176470588235,0.8852459016393442,95,649,49,7,0.6597222222222222,0.9313725490196079,0.7723577235772359,0.915,0.9322218889883365,0.9141882684706741,0.9183295174365449,0.9045873880712532,63.741939067840576
