Epoch,class1_TP,class1_TN,class1_FP,class1_FN,class1_Precision,class1_Recall,class1_F1,class2_TP,class2_TN,class2_FP,class2_FN,class2_Precision,class2_Recall,class2_F1,class3_TP,class3_TN,class3_FP,class3_FN,class3_Precision,class3_Recall,class3_F1,class4_TP,class4_TN,class4_FP,class4_FN,class4_Precision,class4_Recall,class4_F1,class5_TP,class5_TN,class5_FP,class5_FN,class5_Precision,class5_Recall,class5_F1,class6_TP,class6_TN,class6_FP,class6_FN,class6_Precision,class6_Recall,class6_F1,class7_TP,class7_TN,class7_FP,class7_FN,class7_Precision,class7_Recall,class7_F1,class8_TP,class8_TN,class8_FP,class8_FN,class8_Precision,class8_Recall,class8_F1,accuracy,precision_macro,recall_macro,f1_macro,matthews,Time
100,0,711,0,89,0.0,0.0,0.0,77,697,21,5,0.7857142857142857,0.9390243902439024,0.8555555555555556,0,694,0,106,0.0,0.0,0.0,117,653,28,2,0.8068965517241379,0.9831932773109243,0.8863636363636364,93,702,4,1,0.9587628865979382,0.9893617021276596,0.9738219895287958,82,455,239,24,0.2554517133956386,0.7735849056603774,0.3840749414519906,87,692,6,15,0.9354838709677419,0.8529411764705882,0.8923076923076922,34,686,12,68,0.7391304347826086,0.3333333333333333,0.4594594594594595,0.6125,0.5601799678977939,0.6089298481433483,0.5564479093333913,0.593441665499621,45.969560384750366
