Class,TP,TN,FP,FN,Precision,Recall,F1
Class 1,88,709,2,1,0.97778,0.98876,0.98324
Class 2,82,714,4,0,0.95349,1.00000,0.97619
Class 3,106,694,0,0,1.00000,1.00000,1.00000
Class 4,117,681,0,2,1.00000,0.98319,0.99153
Class 5,94,706,0,0,1.00000,1.00000,1.00000
Class 6,102,676,18,4,0.85000,0.96226,0.90265
Class 7,87,698,0,15,1.00000,0.85294,0.92063
Class 8,96,694,4,6,0.96000,0.94118,0.95050
