Class,TP,TN,FP,FN,Precision,Recall,F1
Class 1,87,709,2,2,0.97753,0.97753,0.97753
Class 2,80,716,2,2,0.97561,0.97561,0.97561
Class 3,106,693,1,0,0.99065,1.00000,0.99531
Class 4,116,680,1,3,0.99145,0.97479,0.98305
Class 5,94,705,1,0,0.98947,1.00000,0.99471
Class 6,106,672,22,0,0.82812,1.00000,0.90598
Class 7,102,697,1,0,0.99029,1.00000,0.99512
Class 8,79,698,0,23,1.00000,0.77451,0.87293
