Class,TP,TN,FP,FN,Precision,Recall,F1
Class 1,88,708,3,1,0.96703,0.98876,0.97778
Class 2,81,711,7,1,0.92045,0.98780,0.95294
Class 3,106,694,0,0,1.00000,1.00000,1.00000
Class 4,113,680,1,6,0.99123,0.94958,0.96996
Class 5,93,706,0,1,1.00000,0.98936,0.99465
Class 6,106,652,42,0,0.71622,1.00000,0.83465
Class 7,95,698,0,7,1.00000,0.93137,0.96447
Class 8,65,698,0,37,1.00000,0.63725,0.77844
