Class,TP,TN,FP,FN,Precision,Recall,F1
Class 1,86,710,1,3,0.98851,0.96629,0.97727
Class 2,82,715,3,0,0.96471,1.00000,0.98204
Class 3,106,691,3,0,0.97248,1.00000,0.98605
Class 4,117,680,1,2,0.99153,0.98319,0.98734
Class 5,94,706,0,0,1.00000,1.00000,1.00000
Class 6,105,692,2,1,0.98131,0.99057,0.98592
Class 7,102,698,0,0,1.00000,1.00000,1.00000
Class 8,97,697,1,5,0.98980,0.95098,0.97000
