Epoch,class1_TP,class1_TN,class1_FP,class1_FN,class1_Precision,class1_Recall,class1_F1,class2_TP,class2_TN,class2_FP,class2_FN,class2_Precision,class2_Recall,class2_F1,class3_TP,class3_TN,class3_FP,class3_FN,class3_Precision,class3_Recall,class3_F1,class4_TP,class4_TN,class4_FP,class4_FN,class4_Precision,class4_Recall,class4_F1,class5_TP,class5_TN,class5_FP,class5_FN,class5_Precision,class5_Recall,class5_F1,class6_TP,class6_TN,class6_FP,class6_FN,class6_Precision,class6_Recall,class6_F1,class7_TP,class7_TN,class7_FP,class7_FN,class7_Precision,class7_Recall,class7_F1,class8_TP,class8_TN,class8_FP,class8_FN,class8_Precision,class8_Recall,class8_F1,accuracy,precision_macro,recall_macro,f1_macro,matthews,Time
100,87,709,2,2,0.9775280898876404,0.9775280898876404,0.9775280898876404,80,716,2,2,0.975609756097561,0.975609756097561,0.975609756097561,106,693,1,0,0.9906542056074766,1.0,0.9953051643192489,116,680,1,3,0.9914529914529915,0.9747899159663865,0.983050847457627,94,705,1,0,0.9894736842105263,1.0,0.9947089947089947,106,672,22,0,0.828125,1.0,0.905982905982906,102,697,1,0,0.9902912621359223,1.0,0.9951219512195122,79,698,0,23,1.0,0.7745098039215687,0.8729281767955802,0.9625,0.9678918736740147,0.9628046957341445,0.9625294858086337,0.9579427501633908,51.94601655006409
