Epoch,class1_TP,class1_TN,class1_FP,class1_FN,class1_Precision,class1_Recall,class1_F1,class2_TP,class2_TN,class2_FP,class2_FN,class2_Precision,class2_Recall,class2_F1,class3_TP,class3_TN,class3_FP,class3_FN,class3_Precision,class3_Recall,class3_F1,class4_TP,class4_TN,class4_FP,class4_FN,class4_Precision,class4_Recall,class4_F1,class5_TP,class5_TN,class5_FP,class5_FN,class5_Precision,class5_Recall,class5_F1,class6_TP,class6_TN,class6_FP,class6_FN,class6_Precision,class6_Recall,class6_F1,class7_TP,class7_TN,class7_FP,class7_FN,class7_Precision,class7_Recall,class7_F1,class8_TP,class8_TN,class8_FP,class8_FN,class8_Precision,class8_Recall,class8_F1,accuracy,precision_macro,recall_macro,f1_macro,matthews,Time
100,88,708,3,1,0.967032967032967,0.9887640449438202,0.9777777777777779,81,711,7,1,0.9204545454545454,0.9878048780487805,0.9529411764705882,106,694,0,0,1.0,1.0,1.0,113,680,1,6,0.9912280701754386,0.9495798319327731,0.9699570815450643,93,706,0,1,1.0,0.9893617021276596,0.9946524064171123,106,652,42,0,0.7162162162162162,1.0,0.8346456692913385,95,698,0,7,1.0,0.9313725490196079,0.9644670050761421,65,698,0,37,1.0,0.6372549019607843,0.778443113772455,0.93375,0.949366474859896,0.9355172385041781,0.9341105287938097,0.9268640440865608,66.30333638191223
