Epoch,class1_TP,class1_TN,class1_FP,class1_FN,class1_Precision,class1_Recall,class1_F1,class2_TP,class2_TN,class2_FP,class2_FN,class2_Precision,class2_Recall,class2_F1,class3_TP,class3_TN,class3_FP,class3_FN,class3_Precision,class3_Recall,class3_F1,class4_TP,class4_TN,class4_FP,class4_FN,class4_Precision,class4_Recall,class4_F1,class5_TP,class5_TN,class5_FP,class5_FN,class5_Precision,class5_Recall,class5_F1,class6_TP,class6_TN,class6_FP,class6_FN,class6_Precision,class6_Recall,class6_F1,class7_TP,class7_TN,class7_FP,class7_FN,class7_Precision,class7_Recall,class7_F1,class8_TP,class8_TN,class8_FP,class8_FN,class8_Precision,class8_Recall,class8_F1,accuracy,precision_macro,recall_macro,f1_macro,matthews,Time
100,87,709,2,2,0.9775280898876404,0.9775280898876404,0.9775280898876404,82,714,4,0,0.9534883720930233,1.0,0.9761904761904763,106,694,0,0,1.0,1.0,1.0,114,681,0,5,1.0,0.957983193277311,0.9785407725321889,94,705,1,0,0.9894736842105263,1.0,0.9947089947089947,103,671,23,3,0.8174603174603174,0.9716981132075472,0.8879310344827587,87,698,0,15,1.0,0.8529411764705882,0.9206349206349206,95,696,2,7,0.979381443298969,0.9313725490196079,0.9547738693467337,0.96,0.9646664883688096,0.9614403902328368,0.9612885197229641,0.9548088483566725,74.36174988746643
