Epoch,class1_TP,class1_TN,class1_FP,class1_FN,class1_Precision,class1_Recall,class1_F1,class2_TP,class2_TN,class2_FP,class2_FN,class2_Precision,class2_Recall,class2_F1,class3_TP,class3_TN,class3_FP,class3_FN,class3_Precision,class3_Recall,class3_F1,class4_TP,class4_TN,class4_FP,class4_FN,class4_Precision,class4_Recall,class4_F1,class5_TP,class5_TN,class5_FP,class5_FN,class5_Precision,class5_Recall,class5_F1,class6_TP,class6_TN,class6_FP,class6_FN,class6_Precision,class6_Recall,class6_F1,class7_TP,class7_TN,class7_FP,class7_FN,class7_Precision,class7_Recall,class7_F1,class8_TP,class8_TN,class8_FP,class8_FN,class8_Precision,class8_Recall,class8_F1,accuracy,precision_macro,recall_macro,f1_macro,matthews,Time
100,86,710,1,3,0.9885057471264368,0.9662921348314607,0.9772727272727273,82,715,3,0,0.9647058823529412,1.0,0.9820359281437125,106,691,3,0,0.9724770642201835,1.0,0.986046511627907,117,680,1,2,0.9915254237288136,0.9831932773109243,0.9873417721518987,94,706,0,0,1.0,1.0,1.0,105,692,2,1,0.9813084112149533,0.9905660377358491,0.9859154929577464,102,698,0,0,1.0,1.0,1.0,97,697,1,5,0.9897959183673469,0.9509803921568627,0.9700000000000001,0.98625,0.9860398058763344,0.9863789802543871,0.9860765540192491,0.9842959940440299,49.18294882774353
