Epoch,class1_TP,class1_TN,class1_FP,class1_FN,class1_Precision,class1_Recall,class1_F1,class2_TP,class2_TN,class2_FP,class2_FN,class2_Precision,class2_Recall,class2_F1,class3_TP,class3_TN,class3_FP,class3_FN,class3_Precision,class3_Recall,class3_F1,class4_TP,class4_TN,class4_FP,class4_FN,class4_Precision,class4_Recall,class4_F1,class5_TP,class5_TN,class5_FP,class5_FN,class5_Precision,class5_Recall,class5_F1,class6_TP,class6_TN,class6_FP,class6_FN,class6_Precision,class6_Recall,class6_F1,class7_TP,class7_TN,class7_FP,class7_FN,class7_Precision,class7_Recall,class7_F1,class8_TP,class8_TN,class8_FP,class8_FN,class8_Precision,class8_Recall,class8_F1,accuracy,precision_macro,recall_macro,f1_macro,matthews,Time
100,84,708,3,5,0.9655172413793104,0.9438202247191011,0.9545454545454545,82,714,4,0,0.9534883720930233,1.0,0.9761904761904763,106,694,0,0,1.0,1.0,1.0,118,680,1,1,0.9915966386554622,0.9915966386554622,0.9915966386554622,94,706,0,0,1.0,1.0,1.0,100,690,4,6,0.9615384615384616,0.9433962264150944,0.9523809523809524,95,697,1,7,0.9895833333333334,0.9313725490196079,0.9595959595959597,93,683,15,9,0.8611111111111112,0.9117647058823529,0.8857142857142858,0.965,0.9653543947638378,0.9652437930864524,0.9650029708853238,0.9600208913171294,42.739874839782715
