Class,TP,TN,FP,FN,Precision,Recall,F1
Class 1,85,710,1,4,0.98837,0.95506,0.97143
Class 2,82,712,6,0,0.93182,1.00000,0.96471
Class 3,106,694,0,0,1.00000,1.00000,1.00000
Class 4,118,680,1,1,0.99160,0.99160,0.99160
Class 5,94,706,0,0,1.00000,1.00000,1.00000
Class 6,103,675,19,3,0.84426,0.97170,0.90351
Class 7,89,697,1,13,0.98889,0.87255,0.92708
Class 8,94,697,1,8,0.98947,0.92157,0.95431
