Class,TP,TN,FP,FN,Precision,Recall,F1
Class 1,89,708,3,0,0.96739,1.00000,0.98343
Class 2,82,716,2,0,0.97619,1.00000,0.98795
Class 3,106,694,0,0,1.00000,1.00000,1.00000
Class 4,118,681,0,1,1.00000,0.99160,0.99578
Class 5,94,706,0,0,1.00000,1.00000,1.00000
Class 6,102,692,2,4,0.98077,0.96226,0.97143
Class 7,102,698,0,0,1.00000,1.00000,1.00000
Class 8,98,696,2,4,0.98000,0.96078,0.97030
