Class,TP,TN,FP,FN,Precision,Recall,F1
Class 1,88,709,2,1,0.97778,0.98876,0.98324
Class 2,81,717,1,1,0.98780,0.98780,0.98780
Class 3,106,693,1,0,0.99065,1.00000,0.99531
Class 4,118,679,2,1,0.98333,0.99160,0.98745
Class 5,94,706,0,0,1.00000,1.00000,1.00000
Class 6,104,682,12,2,0.89655,0.98113,0.93694
Class 7,102,698,0,0,1.00000,1.00000,1.00000
Class 8,89,698,0,13,1.00000,0.87255,0.93194
