Epoch,class1_TP,class1_TN,class1_FP,class1_FN,class1_Precision,class1_Recall,class1_F1,class2_TP,class2_TN,class2_FP,class2_FN,class2_Precision,class2_Recall,class2_F1,class3_TP,class3_TN,class3_FP,class3_FN,class3_Precision,class3_Recall,class3_F1,class4_TP,class4_TN,class4_FP,class4_FN,class4_Precision,class4_Recall,class4_F1,class5_TP,class5_TN,class5_FP,class5_FN,class5_Precision,class5_Recall,class5_F1,class6_TP,class6_TN,class6_FP,class6_FN,class6_Precision,class6_Recall,class6_F1,class7_TP,class7_TN,class7_FP,class7_FN,class7_Precision,class7_Recall,class7_F1,class8_TP,class8_TN,class8_FP,class8_FN,class8_Precision,class8_Recall,class8_F1,accuracy,precision_macro,recall_macro,f1_macro,matthews,Time
100,85,710,1,4,0.9883720930232558,0.9550561797752809,0.9714285714285714,82,712,6,0,0.9318181818181818,1.0,0.9647058823529412,106,694,0,0,1.0,1.0,1.0,118,680,1,1,0.9915966386554622,0.9915966386554622,0.9915966386554622,94,706,0,0,1.0,1.0,1.0,103,675,19,3,0.8442622950819673,0.9716981132075472,0.9035087719298246,89,697,1,13,0.9888888888888889,0.8725490196078431,0.9270833333333334,94,697,1,8,0.9894736842105263,0.9215686274509803,0.9543147208121827,0.96375,0.9668014727097853,0.9640585723371392,0.9640797398140395,0.9589280902599547,67.12348246574402
