Epoch,class1_TP,class1_TN,class1_FP,class1_FN,class1_Precision,class1_Recall,class1_F1,class2_TP,class2_TN,class2_FP,class2_FN,class2_Precision,class2_Recall,class2_F1,class3_TP,class3_TN,class3_FP,class3_FN,class3_Precision,class3_Recall,class3_F1,class4_TP,class4_TN,class4_FP,class4_FN,class4_Precision,class4_Recall,class4_F1,class5_TP,class5_TN,class5_FP,class5_FN,class5_Precision,class5_Recall,class5_F1,class6_TP,class6_TN,class6_FP,class6_FN,class6_Precision,class6_Recall,class6_F1,class7_TP,class7_TN,class7_FP,class7_FN,class7_Precision,class7_Recall,class7_F1,class8_TP,class8_TN,class8_FP,class8_FN,class8_Precision,class8_Recall,class8_F1,accuracy,precision_macro,recall_macro,f1_macro,matthews,Time
100,88,709,2,1,0.9777777777777777,0.9887640449438202,0.9832402234636872,81,717,1,1,0.9878048780487805,0.9878048780487805,0.9878048780487805,106,693,1,0,0.9906542056074766,1.0,0.9953051643192489,118,679,2,1,0.9833333333333333,0.9915966386554622,0.9874476987447698,94,706,0,0,1.0,1.0,1.0,104,682,12,2,0.896551724137931,0.9811320754716981,0.9369369369369369,102,698,0,0,1.0,1.0,1.0,89,698,0,13,1.0,0.8725490196078431,0.9319371727748691,0.9775,0.9795152398631624,0.9777308320909506,0.9778340092860365,0.9744782186163712,76.93715238571167
