Class,TP,TN,FP,FN,Precision,Recall,F1
Class 1,88,708,3,1,0.96703,0.98876,0.97778
Class 2,82,716,2,0,0.97619,1.00000,0.98795
Class 3,106,693,1,0,0.99065,1.00000,0.99531
Class 4,117,681,0,2,1.00000,0.98319,0.99153
Class 5,94,706,0,0,1.00000,1.00000,1.00000
Class 6,104,685,9,2,0.92035,0.98113,0.94977
Class 7,102,698,0,0,1.00000,1.00000,1.00000
Class 8,91,697,1,11,0.98913,0.89216,0.93814
