iteration,error
152501,0.00014467887984585408
152501,0.0008392532535085806
