iteration,class1_TP,class1_TN,class1_FP,class1_FN,class1_Precision,class1_Recall,class1_F1,class2_TP,class2_TN,class2_FP,class2_FN,class2_Precision,class2_Recall,class2_F1,class3_TP,class3_TN,class3_FP,class3_FN,class3_Precision,class3_Recall,class3_F1,class4_TP,class4_TN,class4_FP,class4_FN,class4_Precision,class4_Recall,class4_F1,class5_TP,class5_TN,class5_FP,class5_FN,class5_Precision,class5_Recall,class5_F1,class6_TP,class6_TN,class6_FP,class6_FN,class6_Precision,class6_Recall,class6_F1,class7_TP,class7_TN,class7_FP,class7_FN,class7_Precision,class7_Recall,class7_F1,class8_TP,class8_TN,class8_FP,class8_FN,class8_Precision,class8_Recall,class8_F1,accuracy,precision_macro,recall_macro,f1_macro,matthews,Time
152501,88,709,2,1,0.9777777777777777,0.9887640449438202,0.9832402234636872,82,714,4,0,0.9534883720930233,1.0,0.9761904761904763,106,694,0,0,1.0,1.0,1.0,117,679,2,2,0.9831932773109243,0.9831932773109243,0.9831932773109243,93,706,0,1,1.0,0.9893617021276596,0.9946524064171123,104,676,18,2,0.8524590163934426,0.9811320754716981,0.912280701754386,102,698,0,0,1.0,1.0,1.0,82,698,0,20,1.0,0.803921568627451,0.891304347826087,0.9675,0.970864805446896,0.9682965835601941,0.9676076791203341,0.9633781217805635,51.101486682891846
152501,87,709,2,2,0.9775280898876404,0.9775280898876404,0.9775280898876404,82,716,2,0,0.9761904761904762,1.0,0.9879518072289156,106,694,0,0,1.0,1.0,1.0,116,681,0,3,1.0,0.9747899159663865,0.9872340425531915,94,706,0,0,1.0,1.0,1.0,105,680,14,1,0.8823529411764706,0.9905660377358491,0.9333333333333333,102,698,0,0,1.0,1.0,1.0,88,696,2,14,0.9777777777777777,0.8627450980392157,0.9166666666666665,0.975,0.9767311606290456,0.9757036427036365,0.9753392424587184,0.9716667442482916,50.83695340156555
