iteration,class1_TP,class1_TN,class1_FP,class1_FN,class1_Precision,class1_Recall,class1_F1,class2_TP,class2_TN,class2_FP,class2_FN,class2_Precision,class2_Recall,class2_F1,class3_TP,class3_TN,class3_FP,class3_FN,class3_Precision,class3_Recall,class3_F1,class4_TP,class4_TN,class4_FP,class4_FN,class4_Precision,class4_Recall,class4_F1,class5_TP,class5_TN,class5_FP,class5_FN,class5_Precision,class5_Recall,class5_F1,class6_TP,class6_TN,class6_FP,class6_FN,class6_Precision,class6_Recall,class6_F1,class7_TP,class7_TN,class7_FP,class7_FN,class7_Precision,class7_Recall,class7_F1,class8_TP,class8_TN,class8_FP,class8_FN,class8_Precision,class8_Recall,class8_F1,accuracy,precision_macro,recall_macro,f1_macro,matthews
152501,86,710,1,3,0.9885057471264368,0.9662921348314607,0.9772727272727273,79,717,1,3,0.9875,0.9634146341463414,0.9753086419753086,106,693,1,0,0.9906542056074766,1.0,0.9953051643192489,114,681,0,5,1.0,0.957983193277311,0.9785407725321889,94,706,0,0,1.0,1.0,1.0,105,663,31,1,0.7720588235294118,0.9905660377358491,0.8677685950413223,95,697,1,7,0.9895833333333334,0.9313725490196079,0.9595959595959597,85,697,1,17,0.9883720930232558,0.8333333333333334,0.9042553191489361,0.955,0.9645842753274894,0.9553702352929879,0.9572558974857115,0.9495190170093002
