Class,TP,TN,FP,FN,Precision,Recall,F1
Class 1,0,711,0,89,0.00000,0.00000,0.00000
Class 2,0,718,0,82,0.00000,0.00000,0.00000
Class 3,0,694,0,106,0.00000,0.00000,0.00000
Class 4,0,681,0,119,0.00000,0.00000,0.00000
Class 5,0,706,0,94,0.00000,0.00000,0.00000
Class 6,0,694,0,106,0.00000,0.00000,0.00000
Class 7,0,698,0,102,0.00000,0.00000,0.00000
Class 8,102,0,698,0,0.12750,1.00000,0.22616
