iteration,error
152501,0.9999999999999499
152501,1.2499999999281663
