iteration,class1_TP,class1_TN,class1_FP,class1_FN,class1_Precision,class1_Recall,class1_F1,class2_TP,class2_TN,class2_FP,class2_FN,class2_Precision,class2_Recall,class2_F1,class3_TP,class3_TN,class3_FP,class3_FN,class3_Precision,class3_Recall,class3_F1,class4_TP,class4_TN,class4_FP,class4_FN,class4_Precision,class4_Recall,class4_F1,class5_TP,class5_TN,class5_FP,class5_FN,class5_Precision,class5_Recall,class5_F1,class6_TP,class6_TN,class6_FP,class6_FN,class6_Precision,class6_Recall,class6_F1,class7_TP,class7_TN,class7_FP,class7_FN,class7_Precision,class7_Recall,class7_F1,class8_TP,class8_TN,class8_FP,class8_FN,class8_Precision,class8_Recall,class8_F1,accuracy,precision_macro,recall_macro,f1_macro,matthews
152501,88,707,4,1,0.9565217391304348,0.9887640449438202,0.9723756906077348,81,716,2,1,0.9759036144578314,0.9878048780487805,0.9818181818181818,106,691,3,0,0.9724770642201835,1.0,0.986046511627907,117,679,2,2,0.9831932773109243,0.9831932773109243,0.9831932773109243,91,706,0,3,1.0,0.9680851063829787,0.9837837837837838,104,672,22,2,0.8253968253968254,0.9811320754716981,0.8965517241379309,102,696,2,0,0.9807692307692307,1.0,0.9902912621359222,76,698,0,26,1.0,0.7450980392156863,0.8539325842696629,0.95625,0.9617827189106787,0.9567596776717361,0.955999126961506,0.9508553196722564
