Class,TP,TN,FP,FN,Precision,Recall,F1
Class 1,87,710,1,2,0.98864,0.97753,0.98305
Class 2,82,716,2,0,0.97619,1.00000,0.98795
Class 3,106,693,1,0,0.99065,1.00000,0.99531
Class 4,118,681,0,1,1.00000,0.99160,0.99578
Class 5,94,706,0,0,1.00000,1.00000,1.00000
Class 6,105,684,10,1,0.91304,0.99057,0.95023
Class 7,102,698,0,0,1.00000,1.00000,1.00000
Class 8,91,697,1,11,0.98913,0.89216,0.93814
