Class,TP,TN,FP,FN,Precision,Recall,F1
Class 1,86,710,1,3,0.98851,0.96629,0.97727
Class 2,82,715,3,0,0.96471,1.00000,0.98204
Class 3,106,693,1,0,0.99065,1.00000,0.99531
Class 4,118,681,0,1,1.00000,0.99160,0.99578
Class 5,94,706,0,0,1.00000,1.00000,1.00000
Class 6,102,692,2,4,0.98077,0.96226,0.97143
Class 7,102,698,0,0,1.00000,1.00000,1.00000
Class 8,99,694,4,3,0.96117,0.97059,0.96585
