iteration,error
152501,0.0077766067791579995
152501,6.922266928991401e-05
