Epoch,class1_TP,class1_TN,class1_FP,class1_FN,class1_Precision,class1_Recall,class1_F1,class2_TP,class2_TN,class2_FP,class2_FN,class2_Precision,class2_Recall,class2_F1,class3_TP,class3_TN,class3_FP,class3_FN,class3_Precision,class3_Recall,class3_F1,class4_TP,class4_TN,class4_FP,class4_FN,class4_Precision,class4_Recall,class4_F1,class5_TP,class5_TN,class5_FP,class5_FN,class5_Precision,class5_Recall,class5_F1,class6_TP,class6_TN,class6_FP,class6_FN,class6_Precision,class6_Recall,class6_F1,class7_TP,class7_TN,class7_FP,class7_FN,class7_Precision,class7_Recall,class7_F1,class8_TP,class8_TN,class8_FP,class8_FN,class8_Precision,class8_Recall,class8_F1,accuracy,precision_macro,recall_macro,f1_macro,matthews,Time
100,0,711,0,89,0.0,0.0,0.0,0,718,0,82,0.0,0.0,0.0,105,686,8,1,0.9292035398230089,0.9905660377358491,0.9589041095890412,91,586,95,28,0.489247311827957,0.7647058823529411,0.5967213114754097,0,706,0,94,0.0,0.0,0.0,66,569,125,40,0.34554973821989526,0.6226415094339622,0.4444444444444445,37,683,15,65,0.7115384615384616,0.3627450980392157,0.48051948051948057,40,480,218,62,0.15503875968992248,0.39215686274509803,0.2222222222222222,0.42375,0.32882222638740566,0.39160192378838327,0.3378514460313248,0.3550117476020532,42.902562379837036
