Class,TP,TN,FP,FN,Precision,Recall,F1
Class 1,88,709,2,1,0.97778,0.98876,0.98324
Class 2,82,718,0,0,1.00000,1.00000,1.00000
Class 3,106,694,0,0,1.00000,1.00000,1.00000
Class 4,117,680,1,2,0.99153,0.98319,0.98734
Class 5,94,706,0,0,1.00000,1.00000,1.00000
Class 6,97,694,0,9,1.00000,0.91509,0.95567
Class 7,102,696,2,0,0.98077,1.00000,0.99029
Class 8,99,688,10,3,0.90826,0.97059,0.93839
