Class,TP,TN,FP,FN,Precision,Recall,F1
Class 1,88,706,5,1,0.94624,0.98876,0.96703
Class 2,80,717,1,2,0.98765,0.97561,0.98160
Class 3,106,693,1,0,0.99065,1.00000,0.99531
Class 4,116,681,0,3,1.00000,0.97479,0.98723
Class 5,94,706,0,0,1.00000,1.00000,1.00000
Class 6,101,691,3,5,0.97115,0.95283,0.96190
Class 7,101,698,0,1,1.00000,0.99020,0.99507
Class 8,97,691,7,5,0.93269,0.95098,0.94175
