Epoch,class1_TP,class1_TN,class1_FP,class1_FN,class1_Precision,class1_Recall,class1_F1,class2_TP,class2_TN,class2_FP,class2_FN,class2_Precision,class2_Recall,class2_F1,class3_TP,class3_TN,class3_FP,class3_FN,class3_Precision,class3_Recall,class3_F1,class4_TP,class4_TN,class4_FP,class4_FN,class4_Precision,class4_Recall,class4_F1,class5_TP,class5_TN,class5_FP,class5_FN,class5_Precision,class5_Recall,class5_F1,class6_TP,class6_TN,class6_FP,class6_FN,class6_Precision,class6_Recall,class6_F1,class7_TP,class7_TN,class7_FP,class7_FN,class7_Precision,class7_Recall,class7_F1,class8_TP,class8_TN,class8_FP,class8_FN,class8_Precision,class8_Recall,class8_F1,accuracy,precision_macro,recall_macro,f1_macro,matthews,Time
100,88,706,5,1,0.946236559139785,0.9887640449438202,0.967032967032967,80,717,1,2,0.9876543209876543,0.975609756097561,0.9815950920245398,106,693,1,0,0.9906542056074766,1.0,0.9953051643192489,116,681,0,3,1.0,0.9747899159663865,0.9872340425531915,94,706,0,0,1.0,1.0,1.0,101,691,3,5,0.9711538461538461,0.9528301886792453,0.9619047619047619,101,698,0,1,1.0,0.9901960784313726,0.9950738916256158,97,691,7,5,0.9326923076923077,0.9509803921568627,0.9417475728155339,0.97875,0.9785489049476337,0.979146297034406,0.9787366865344823,0.9757094362555173,68.39886546134949
