Class,TP,TN,FP,FN,Precision,Recall,F1
Class 1,87,709,2,2,0.97753,0.97753,0.97753
Class 2,82,716,2,0,0.97619,1.00000,0.98795
Class 3,106,694,0,0,1.00000,1.00000,1.00000
Class 4,118,678,3,1,0.97521,0.99160,0.98333
Class 5,93,706,0,1,1.00000,0.98936,0.99465
Class 6,103,687,7,3,0.93636,0.97170,0.95370
Class 7,102,698,0,0,1.00000,1.00000,1.00000
Class 8,94,697,1,8,0.98947,0.92157,0.95431
