Class,TP,TN,FP,FN,Precision,Recall,F1
Class 1,89,708,3,0,0.96739,1.00000,0.98343
Class 2,82,716,2,0,0.97619,1.00000,0.98795
Class 3,106,693,1,0,0.99065,1.00000,0.99531
Class 4,114,681,0,5,1.00000,0.95798,0.97854
Class 5,94,706,0,0,1.00000,1.00000,1.00000
Class 6,105,680,14,1,0.88235,0.99057,0.93333
Class 7,102,697,1,0,0.99029,1.00000,0.99512
Class 8,86,697,1,16,0.98851,0.84314,0.91005
