Class,TP,TN,FP,FN,Precision,Recall,F1
Class 1,87,709,2,2,0.97753,0.97753,0.97753
Class 2,81,716,2,1,0.97590,0.98780,0.98182
Class 3,106,694,0,0,1.00000,1.00000,1.00000
Class 4,116,681,0,3,1.00000,0.97479,0.98723
Class 5,94,706,0,0,1.00000,1.00000,1.00000
Class 6,105,685,9,1,0.92105,0.99057,0.95455
Class 7,102,698,0,0,1.00000,1.00000,1.00000
Class 8,94,696,2,8,0.97917,0.92157,0.94949
