Class,TP,TN,FP,FN,Precision,Recall,F1
Class 1,89,710,1,0,0.98889,1.00000,0.99441
Class 2,82,718,0,0,1.00000,1.00000,1.00000
Class 3,106,694,0,0,1.00000,1.00000,1.00000
Class 4,118,681,0,1,1.00000,0.99160,0.99578
Class 5,94,706,0,0,1.00000,1.00000,1.00000
Class 6,105,689,5,1,0.95455,0.99057,0.97222
Class 7,102,698,0,0,1.00000,1.00000,1.00000
Class 8,98,698,0,4,1.00000,0.96078,0.98000
