Epoch,class1_TP,class1_TN,class1_FP,class1_FN,class1_Precision,class1_Recall,class1_F1,class2_TP,class2_TN,class2_FP,class2_FN,class2_Precision,class2_Recall,class2_F1,class3_TP,class3_TN,class3_FP,class3_FN,class3_Precision,class3_Recall,class3_F1,class4_TP,class4_TN,class4_FP,class4_FN,class4_Precision,class4_Recall,class4_F1,class5_TP,class5_TN,class5_FP,class5_FN,class5_Precision,class5_Recall,class5_F1,class6_TP,class6_TN,class6_FP,class6_FN,class6_Precision,class6_Recall,class6_F1,class7_TP,class7_TN,class7_FP,class7_FN,class7_Precision,class7_Recall,class7_F1,class8_TP,class8_TN,class8_FP,class8_FN,class8_Precision,class8_Recall,class8_F1,accuracy,precision_macro,recall_macro,f1_macro,matthews,Time
100,89,708,3,0,0.967391304347826,1.0,0.9834254143646408,82,716,2,0,0.9761904761904762,1.0,0.9879518072289156,106,693,1,0,0.9906542056074766,1.0,0.9953051643192489,114,681,0,5,1.0,0.957983193277311,0.9785407725321889,94,706,0,0,1.0,1.0,1.0,105,680,14,1,0.8823529411764706,0.9905660377358491,0.9333333333333333,102,697,1,0,0.9902912621359223,1.0,0.9951219512195122,86,697,1,16,0.9885057471264368,0.8431372549019608,0.91005291005291,0.9725,0.9744232420730761,0.9739608107393901,0.9729664191313436,0.9689016927541627,74.55596113204956
