Epoch,class1_TP,class1_TN,class1_FP,class1_FN,class1_Precision,class1_Recall,class1_F1,class2_TP,class2_TN,class2_FP,class2_FN,class2_Precision,class2_Recall,class2_F1,class3_TP,class3_TN,class3_FP,class3_FN,class3_Precision,class3_Recall,class3_F1,class4_TP,class4_TN,class4_FP,class4_FN,class4_Precision,class4_Recall,class4_F1,class5_TP,class5_TN,class5_FP,class5_FN,class5_Precision,class5_Recall,class5_F1,class6_TP,class6_TN,class6_FP,class6_FN,class6_Precision,class6_Recall,class6_F1,class7_TP,class7_TN,class7_FP,class7_FN,class7_Precision,class7_Recall,class7_F1,class8_TP,class8_TN,class8_FP,class8_FN,class8_Precision,class8_Recall,class8_F1,accuracy,precision_macro,recall_macro,f1_macro,matthews,Time
100,88,708,3,1,0.967032967032967,0.9887640449438202,0.9777777777777779,82,716,2,0,0.9761904761904762,1.0,0.9879518072289156,106,693,1,0,0.9906542056074766,1.0,0.9953051643192489,115,680,1,4,0.9913793103448276,0.9663865546218487,0.9787234042553192,93,706,0,1,1.0,0.9893617021276596,0.9946524064171123,104,672,22,2,0.8253968253968254,0.9811320754716981,0.8965517241379309,102,698,0,0,1.0,1.0,1.0,80,697,1,22,0.9876543209876543,0.7843137254901961,0.8743169398907104,0.9625,0.9672885131950284,0.9637447628319028,0.9631599030033768,0.9578109924866214,44.56454038619995
