Epoch,class1_TP,class1_TN,class1_FP,class1_FN,class1_Precision,class1_Recall,class1_F1,class2_TP,class2_TN,class2_FP,class2_FN,class2_Precision,class2_Recall,class2_F1,class3_TP,class3_TN,class3_FP,class3_FN,class3_Precision,class3_Recall,class3_F1,class4_TP,class4_TN,class4_FP,class4_FN,class4_Precision,class4_Recall,class4_F1,class5_TP,class5_TN,class5_FP,class5_FN,class5_Precision,class5_Recall,class5_F1,class6_TP,class6_TN,class6_FP,class6_FN,class6_Precision,class6_Recall,class6_F1,class7_TP,class7_TN,class7_FP,class7_FN,class7_Precision,class7_Recall,class7_F1,class8_TP,class8_TN,class8_FP,class8_FN,class8_Precision,class8_Recall,class8_F1,accuracy,precision_macro,recall_macro,f1_macro,matthews,Time
100,87,709,2,2,0.9775280898876404,0.9775280898876404,0.9775280898876404,82,716,2,0,0.9761904761904762,1.0,0.9879518072289156,106,694,0,0,1.0,1.0,1.0,118,678,3,1,0.9752066115702479,0.9915966386554622,0.9833333333333334,93,706,0,1,1.0,0.9893617021276596,0.9946524064171123,103,687,7,3,0.9363636363636364,0.9716981132075472,0.9537037037037037,102,698,0,0,1.0,1.0,1.0,94,697,1,8,0.9894736842105263,0.9215686274509803,0.9543147208121827,0.98125,0.9818453122778159,0.9814691464161611,0.9814355076728609,0.9786001696669251,66.86948275566101
