iteration,error
152501,0.0004142337114892529
152501,0.0002601157525281227
