Class,TP,TN,FP,FN,Precision,Recall,F1
Class 1,89,709,2,0,0.97802,1.00000,0.98889
Class 2,82,718,0,0,1.00000,1.00000,1.00000
Class 3,106,693,1,0,0.99065,1.00000,0.99531
Class 4,118,681,0,1,1.00000,0.99160,0.99578
Class 5,94,706,0,0,1.00000,1.00000,1.00000
Class 6,102,691,3,4,0.97143,0.96226,0.96682
Class 7,102,694,4,0,0.96226,1.00000,0.98077
Class 8,95,696,2,7,0.97938,0.93137,0.95477
