Class,TP,TN,FP,FN,Precision,Recall,F1
Class 1,89,710,1,0,0.98889,1.00000,0.99441
Class 2,80,718,0,2,1.00000,0.97561,0.98765
Class 3,106,694,0,0,1.00000,1.00000,1.00000
Class 4,118,681,0,1,1.00000,0.99160,0.99578
Class 5,94,705,1,0,0.98947,1.00000,0.99471
Class 6,104,686,8,2,0.92857,0.98113,0.95413
Class 7,102,698,0,0,1.00000,1.00000,1.00000
Class 8,95,696,2,7,0.97938,0.93137,0.95477
