iteration,error
152501,0.49999985378388717
152501,0.499999946013649
