iteration,error
152501,0.4999998429000524
152501,0.49999992148394246
